ID;Year_Birth;Education;Marital_Status;Income;Kidhome;Dt_Customer;NumDealsPurchases
5524;1957;Graduation;Single;58138;0;04.09.2012;3
2174;1954;Graduation;Single;46344;1;08.03.2014;2
4141;1965;Graduation;Together;71613;0;21.08.2013;1
6182;1984;Graduation;Together;26646;1;10.02.2014;2
5324;1981;PhD;Married;58293;1;19.01.2014;5
7446;1967;Master;Together;62513;0;09.09.2013;2
965;1971;Graduation;Divorced;55635;0;13.11.2012;4
6177;1985;PhD;Married;33454;1;08.05.2013;2
4855;1974;PhD;Together;30351;1;06.06.2013;1
5899;1950;PhD;Together;5648;1;13.03.2014;1
1994;1983;Graduation;MARRIED;;;;
387;1976;Basic;Married;7500;0;13.11.2012;1
2125;1959;Graduation;Divorced;63033;0;15.11.2013;1
8180;1952;Master;Divorced;59354;1;15.11.2013;3
2569;1987;Graduation;Married;17323;0;10.10.2012;1
2114;1946;PhD;SINGL;82800;0;24.11.2012;1
9736;1980;Graduation;Married;41850;1;24.12.2012;3
4939;1946;Graduation;Together;37760;0;31.08.2012;2
6565;1949;Master;Married;76995;0;28.03.2013;2
9360;1982;Graduation;Married;37040;0;08.08.2012;1
5376;1979;Graduation;MARRIED;2447;1;06.01.2013;15
1993;1949;PhD;Married;58607;0;23.12.2012;3
4047;1954;PhD;Married;65324;0;11.01.2014;3
1409;1951;Graduation;Together;40689;0;18.03.2013;7
7892;1969;Graduation;Single;18589;0;02.01.2013;2
2404;1976;Graduation;Married;53359;1;27.05.2013;4
5255;1986;Graduation;Single;;1;20.02.2013;0
9422;1989;Graduation;Married;38360;1;31.05.2013;2
1966;1965;PhD;Married;84618;0;22.11.2013;1
6864;1989;Master;Divorced;10979;0;22.05.2014;2
3033;1963;Master;Together;38620;0;11.05.2013;1
5710;1970;Graduation;Together;40548;0;10.10.2012;2
7373;1952;PhD;Divorced;46610;0;29.10.2012;6
8755;1946;Master;Married;68657;0;20.02.2013;1
10738;1951;Master;Single;49389;1;29.08.2013;1
4339;1970;PhD;Married;67353;0;31.12.2013;5
8595;1973;Graduation;Widow;42429;0;11.02.2014;2
2968;1943;PhD;Divorced;48948;0;01.02.2013;2
8601;1980;Graduation;Married;80011;0;29.04.2013;2
503;1985;Master;Married;20559;1;12.03.2013;2
8430;1957;Graduation;Together;21994;0;24.12.2012;1
7281;1959;PhD;Single;;0;05.11.2013;1
2139;1975;Master;Married;7500;1;02.10.2013;3
1371;1976;Graduation;Single;79941;0;28.06.2014;1
7286;1968;Graduation;Together;41728;1;24.05.2013;1
7244;1951;Graduation;Single;;2;01.01.2014;3
6566;1954;PhD;Married;72550;1;08.11.2012;9
8614;1957;Graduation;Widow;65486;0;12.05.2014;1
4114;1964;Master;Married;79143;0;11.08.2012;1
1331;1977;Graduation;Single;35790;1;02.01.2013;2
2225;1977;Graduation;Divorced;82582;0;07.06.2014;1
9381;1978;Graduation;Married;66373;1;12.06.2013;7
6260;1955;Master;Together;82384;0;19.11.2012;1
10383;1966;Graduation;Divorced;70287;0;02.04.2013;1
7437;1988;Graduation;Single;27938;1;28.04.2014;1
8557;1982;Graduation;Single;;1;17.06.2013;2
8375;1968;PhD;Married;55954;0;03.03.2014;3
6853;1982;Master;Single;75777;0;04.07.2013;1
3076;1975;Graduation;Together;66653;1;07.09.2012;4
1012;1952;Graduation;Single;61823;0;18.02.2013;4
6518;1951;PhD;Widow;67680;0;11.06.2013;1
4137;1948;Graduation;Together;70666;0;06.12.2013;1
8082;1971;Graduation;Married;25721;1;21.05.2013;1
1386;1967;Graduation;Together;32474;1;11.05.2014;1
4477;1958;Graduation;Together;69096;0;27.09.2013;1
1357;1970;Graduation;Together;74854;1;08.04.2013;7
1402;1954;Master;Married;66991;0;11.09.2012;3
6312;1959;Graduation;Married;65031;0;17.03.2013;4
8132;1975;PhD;Married;60631;1;05.04.2013;5
1050;1952;Graduation;Married;28332;0;30.04.2014;1
5846;1977;Graduation;Divorced;40246;1;19.12.2012;1
1859;1972;Master;Married;75251;0;27.08.2012;1
7503;1976;Graduation;Single;75825;0;12.10.2012;0
1618;1965;Graduation;Together;56046;0;02.01.2013;2
3332;1985;Graduation;Single;29760;1;29.08.2012;4
2261;1969;Graduation;Married;26304;1;23.06.2013;1
4119;1963;Master;Together;38620;0;11.05.2013;1
535;1987;Graduation;Divorced;81361;0;25.02.2014;1
5268;1960;Graduation;Married;29440;1;11.08.2013;2
273;1970;Master;Married;36138;1;16.07.2013;5
4452;1957;Graduation;Single;50388;0;28.05.2014;4
8504;1973;Graduation;Married;79593;0;12.05.2014;1
771;1967;Graduation;Together;54178;0;21.01.2014;1
8996;1957;PhD;Married;;2;19.11.2012;12
9235;1957;Graduation;Single;;1;27.05.2014;1
5798;1973;Master;Together;;0;23.11.2013;1
11178;1972;Master;Single;42394;1;23.03.2014;1
2230;1970;PhD;Married;23626;1;24.05.2014;3
7516;1983;Graduation;Married;30096;1;22.05.2014;1
7247;1960;Graduation;Widow;47916;0;22.11.2012;5
11100;1972;Graduation;Divorced;51813;1;11.04.2013;2
3037;1983;PhD;Married;50150;0;20.06.2013;2
1016;1959;PhD;Single;34554;0;30.03.2014;2
4518;1979;Graduation;Together;85693;0;20.04.2013;2
9370;1945;PhD;Married;65846;0;17.05.2013;1
8908;1959;Graduation;Married;87195;0;08.05.2014;1
8373;1979;Basic;Together;24594;1;10.12.2013;1
7533;1964;Graduation;Married;49096;1;24.09.2013;4
2683;1969;Graduation;Married;52413;0;02.02.2013;4
3629;1978;Graduation;Single;38557;1;19.12.2012;2
10991;1960;Master;Married;89058;0;07.12.2012;1
5077;1979;Graduation;Together;77298;0;02.11.2013;1
7431;1991;PhD;Single;68126;0;10.11.2012;1
3267;1963;Master;Together;57288;0;25.06.2014;3
999;1991;Graduation;Single;86037;0;02.01.2013;1
9215;1980;PhD;Married;43974;1;12.12.2012;5
2286;1962;Graduation;Single;50785;1;10.09.2013;2
1592;1970;Graduation;Married;90765;0;24.01.2014;0
9862;1969;Graduation;Together;21918;1;14.11.2013;2
9805;1953;Master;Together;56129;0;20.06.2013;4
6205;1967;Master;Single;32557;1;24.02.2014;3
8442;1985;Master;Married;19510;2;04.09.2013;2
7386;1976;Graduation;Divorced;30992;1;22.04.2013;1
7215;1983;Graduation;Single;101970;0;12.03.2013;0
11071;1984;Graduation;Single;79607;0;21.04.2013;1
3381;1953;Master;Married;54348;1;08.06.2014;2
8268;1961;PhD;Married;;0;11.07.2013;3
11051;1956;PhD;Together;77376;1;10.05.2014;4
8026;1952;Graduation;Married;62998;0;30.09.2013;5
433;1958;Master;Alone;61331;1;10.03.2013;5
9597;1969;Graduation;Married;73448;0;10.02.2014;1
1295;1963;Graduation;Married;;0;11.08.2013;1
5290;1964;PhD;Married;41551;1;14.08.2013;5
1685;1967;PhD;Together;62981;0;17.03.2013;1
5342;1976;Basic;Divorced;9548;1;08.08.2012;2
9579;1959;PhD;Married;33762;2;07.07.2013;3
7660;1973;PhD;Alone;35860;1;19.05.2014;2
1461;1965;PhD;Divorced;36921;1;28.07.2013;2
821;1992;Master;Single;92859;0;19.10.2012;1
11084;1976;Master;Together;65104;0;14.11.2013;2
8690;1962;Graduation;Married;86111;0;19.04.2013;1
2937;1974;PhD;Single;68352;0;28.08.2013;3
9701;1988;Graduation;Together;41883;1;19.03.2013;3
9949;1976;Graduation;Married;59809;0;18.10.2012;3
10837;1975;Graduation;Married;23957;1;28.10.2012;1
3120;1981;Graduation;Together;38547;1;28.08.2013;1
4050;1966;Master;Married;49605;0;21.06.2014;1
3830;1953;Master;Married;59354;0;24.04.2014;1
7987;1969;Graduation;Married;65747;0;07.03.2014;4
92;1988;Graduation;Alone;34176;1;12.05.2014;4
7055;1952;PhD;Together;61010;0;09.10.2012;2
10240;1949;Graduation;Together;69372;0;19.02.2013;1
3025;1958;Graduation;Single;49967;0;08.07.2013;3
9283;1978;Graduation;Single;60199;1;12.09.2013;1
9970;1977;Graduation;Together;55375;0;17.10.2013;1
2730;1955;Graduation;Single;80317;0;20.08.2013;1
2795;1958;Master;Single;30523;2;01.07.2013;1
9260;1945;PhD;Married;70356;0;05.11.2012;2
8182;1984;Graduation;Married;23228;1;05.01.2014;4
10095;1975;PhD;Divorced;74165;0;01.05.2013;1
8475;1973;PhD;Married;157243;0;01.03.2014;15
4370;1966;Graduation;Together;43482;2;13.11.2013;3
10573;1953;Graduation;Divorced;62551;0;18.11.2013;1
3712;1959;Graduation;Divorced;52332;0;28.08.2013;1
6637;1988;Graduation;Single;66951;0;02.11.2013;1
3152;1957;Graduation;Together;26091;1;25.02.2014;3
5610;1965;Graduation;Together;33456;1;21.04.2014;2
6460;1982;Graduation;Married;28718;1;13.07.2013;2
1349;1970;Graduation;Married;50447;2;21.04.2014;1
1880;1959;PhD;Together;53537;1;30.01.2014;2
641;1967;Graduation;Single;52074;0;04.04.2014;1
8717;1975;PhD;Married;80427;0;12.09.2012;1
10314;1948;PhD;Married;83837;0;16.12.2012;1
10854;1970;PhD;Married;38853;1;23.05.2014;2
10492;1959;Graduation;Together;38285;2;24.06.2014;1
7698;1976;PhD;Married;51650;0;11.05.2014;1
10562;1946;Master;Married;66835;0;28.09.2013;1
10796;1984;Master;Married;30477;1;22.01.2014;1
2563;1961;Basic;Married;28249;0;15.06.2014;1
3518;1983;Graduation;Married;25271;1;05.12.2012;1
5823;1970;PhD;Single;32303;0;08.03.2014;2
3934;1966;Graduation;Married;61286;0;02.08.2013;2
6982;1976;Graduation;Married;74068;0;19.03.2013;1
6431;1964;PhD;Married;45759;1;23.02.2013;2
9733;1978;Basic;Together;24882;1;09.09.2012;1
5602;1989;PhD;Together;66973;0;17.05.2013;1
1324;1988;Graduation;Married;38872;1;30.05.2013;2
326;1973;Graduation;Married;51148;1;18.02.2013;4
7224;1977;Graduation;Married;31353;1;29.12.2013;2
6999;1980;Master;Married;69661;0;13.05.2014;1
9938;1954;Graduation;Married;80067;0;19.09.2013;1
6422;1954;Graduation;Married;86718;0;17.01.2013;1
3182;1973;PhD;Single;46854;1;31.03.2014;6
7300;1952;Graduation;Divorced;69142;0;29.06.2014;3
10424;1968;Graduation;Single;75922;0;09.12.2013;1
8727;1978;Graduation;Divorced;63693;0;14.10.2013;3
2798;1977;PhD;Together;102160;0;02.11.2012;0
1030;1965;PhD;Single;40637;1;17.07.2013;2
624;1984;Master;Single;18890;0;10.11.2012;1
5176;1988;Graduation;Together;29604;1;08.12.2013;1
5552;1963;Master;Divorced;48721;1;13.05.2013;6
868;1966;Graduation;Married;44794;0;08.06.2014;1
380;1954;Graduation;Divorced;64497;0;10.09.2012;5
2677;1956;Graduation;Together;46097;0;31.03.2013;5
6521;1954;Graduation;Together;77972;0;18.03.2014;1
6927;1968;PhD;Married;44377;1;05.10.2012;8
2877;1974;Master;Together;46014;1;21.01.2013;10
0;1985;Graduation;Married;70951;0;04.05.2013;1
1584;1977;Graduation;Married;41443;1;01.04.2014;6
6274;1948;Master;Married;83790;0;15.11.2013;1
1377;1954;Master;Widow;44551;0;31.08.2013;2
454;1980;Graduation;Together;69508;1;14.11.2012;2
2075;1969;Graduation;Married;72460;0;14.11.2013;1
4785;1970;PhD;Together;77622;0;14.04.2014;2
9076;1980;PhD;Married;30732;1;05.01.2013;4
7079;1962;Graduation;Divorced;63887;0;08.09.2012;5
4653;1978;Graduation;Together;42011;1;26.03.2013;4
7375;1976;Graduation;Together;51369;0;25.10.2012;2
709;1952;Graduation;Divorced;51537;0;09.12.2012;3
460;1972;PhD;Married;79930;0;08.08.2012;1
3726;1986;PhD;Together;34320;1;16.02.2014;1
6798;1966;Graduation;Single;37070;1;20.03.2013;9
1606;1971;Graduation;Together;38590;1;15.05.2013;1
9617;1951;Graduation;Single;15033;0;16.04.2014;1
3233;1965;PhD;Married;62745;0;23.03.2013;3
2936;1982;Master;Together;23661;1;04.12.2013;1
9449;1958;PhD;Single;79761;0;04.10.2013;1
7297;1973;Graduation;Single;7500;1;26.12.2013;4
313;1968;Graduation;Widow;73455;0;28.10.2013;1
9940;1958;Graduation;Together;64961;0;23.12.2012;2
10735;1971;Graduation;Single;22804;1;31.07.2013;1
9529;1990;Graduation;Married;73687;0;28.11.2013;1
6439;1958;Graduation;Married;61074;0;17.08.2012;7
7411;1964;PhD;Married;31686;1;05.06.2014;2
2176;1972;Graduation;Married;80134;1;20.05.2013;2
9265;1953;Graduation;Married;75027;0;09.01.2013;2
8867;1988;PhD;Married;67546;0;31.08.2012;1
8932;1969;Master;Together;65176;0;29.10.2012;4
10236;1975;Master;Single;31160;1;16.09.2013;2
6340;1985;Graduation;Single;29938;1;27.10.2013;2
10089;1974;Graduation;Divorced;102692;0;05.04.2013;1
10992;1967;Graduation;Together;75702;1;29.08.2012;5
5304;1974;PhD;Single;30899;1;13.10.2012;2
309;1961;PhD;Together;63342;0;16.10.2012;3
3406;1964;Graduation;Single;45989;0;22.10.2012;4
2661;1964;Graduation;Single;18701;1;04.06.2013;4
3153;1957;PhD;Single;40737;2;08.12.2013;1
10264;1979;Graduation;Divorced;15287;1;10.10.2012;2
1184;1968;PhD;Divorced;69674;0;22.05.2013;3
4200;1970;Master;Married;44159;1;17.06.2014;4
9396;1978;PhD;Married;37717;1;23.11.2012;1
2387;1952;Master;Together;43776;1;03.02.2013;6
6690;1966;Master;Married;38179;1;14.03.2013;4
1225;1963;Graduation;Married;80124;0;26.06.2014;1
9703;1970;PhD;Married;38097;1;15.10.2012;4
291;1970;Graduation;Married;72940;0;19.06.2013;1
4557;1970;Graduation;Together;22070;1;04.10.2013;2
2379;1953;Graduation;Single;69267;0;22.09.2012;2
5726;1983;Master;Single;31788;1;20.03.2014;3
3066;1975;PhD;Together;61905;0;04.02.2014;2
6336;1960;Graduation;Married;29315;1;06.04.2014;4
10967;1963;Graduation;Divorced;33378;1;06.02.2013;3
2304;1963;PhD;Together;66313;0;16.09.2013;2
3445;1956;Graduation;Single;60714;0;17.01.2013;2
7828;1981;Master;Together;77882;0;30.04.2014;1
3762;1986;PhD;Single;69867;0;02.04.2013;1
4391;1968;Master;Divorced;63841;0;21.04.2013;1
4669;1981;Basic;Married;24480;1;11.02.2013;3
10144;1976;Graduation;Together;51369;0;25.10.2012;2
8652;1946;Graduation;Together;37760;0;31.08.2012;2
1672;1974;PhD;Together;65640;0;01.03.2014;1
8962;1975;Master;Married;44319;1;17.04.2014;2
9974;1974;Graduation;Married;30631;1;12.07.2013;1
10983;1952;Graduation;Together;75278;0;29.01.2013;1
8148;1956;Master;Together;50898;1;08.01.2013;13
10102;1966;Graduation;Widow;79946;0;12.05.2014;1
4697;1949;Master;Divorced;35416;0;13.06.2013;3
7254;1969;Graduation;Together;38361;1;27.12.2013;3
4543;1980;Graduation;Married;82497;0;31.10.2012;1
4927;1971;Graduation;Together;16626;2;15.01.2014;3
10451;1965;Graduation;Together;29672;1;12.03.2013;1
2926;1952;Master;Together;55951;0;23.08.2012;3
9738;1986;Master;Together;42386;1;13.01.2013;1
7119;1982;Graduation;Single;68627;0;12.01.2013;1
3924;1965;PhD;Divorced;57912;0;17.03.2014;5
5827;1958;Graduation;Divorced;35246;1;16.04.2014;4
10812;1978;PhD;Married;46377;1;01.03.2014;1
1717;1988;Graduation;Single;39747;1;13.04.2014;3
9491;1984;Graduation;Together;23976;1;27.12.2013;3
9274;1961;Master;Married;80950;0;28.03.2013;1
6609;1966;Graduation;Widow;27038;0;18.09.2012;1
6963;1947;Graduation;Single;77457;0;05.03.2014;1
4440;1964;Master;Married;64100;0;10.09.2013;1
1379;1992;Master;Together;42670;0;27.04.2013;1
10032;1976;Graduation;Divorced;12571;1;18.01.2014;4
2826;1967;Graduation;Married;22574;2;28.10.2013;2
2437;1989;Graduation;Married;;0;03.06.2013;1
6320;1976;Master;Single;70893;0;06.02.2013;1
3050;1966;Graduation;Married;54198;1;17.12.2013;6
231;1956;Master;Together;28839;1;11.03.2014;2
2392;1972;Graduation;Married;40321;1;29.07.2013;2
9478;1985;Graduation;Single;66503;1;14.08.2012;2
113;1951;Graduation;Married;30833;1;16.07.2013;2
2863;1970;Graduation;Single;;1;23.08.2013;6
1802;1971;Graduation;Married;64795;0;17.01.2013;3
520;1974;Graduation;Married;34421;1;01.07.2013;1
8275;1965;PhD;Divorced;47025;1;09.02.2014;1
9750;1961;PhD;Divorced;64325;0;07.02.2013;5
2607;1953;Graduation;Single;40464;0;11.01.2013;6
7214;1957;Graduation;Married;62187;0;05.07.2013;1
5835;1976;PhD;Divorced;14849;1;02.07.2013;3
3896;1984;Graduation;Married;27255;1;07.11.2013;1
10350;1950;PhD;Married;54432;2;09.05.2013;1
7786;1986;PhD;Single;29999;1;13.02.2013;4
2861;1983;Graduation;Single;24072;1;16.04.2013;1
663;1989;PhD;Single;33996;0;11.09.2013;1
10675;1956;PhD;Married;66334;0;03.04.2013;2
2521;1971;Master;Married;35178;1;10.01.2013;1
9592;1983;Graduation;Together;22010;1;30.06.2013;2
10151;1960;Graduation;Divorced;62204;0;12.09.2012;1
7381;1968;Graduation;Divorced;75693;0;06.12.2012;1
4099;1972;Graduation;Married;30675;1;12.11.2012;1
9560;1965;Graduation;Together;83003;0;03.03.2013;1
1150;1899;PhD;Together;83532;0;26.09.2013;1
10172;1988;Graduation;Single;68655;0;10.08.2012;1
11191;1986;Graduation;Divorced;41411;0;07.12.2013;1
9707;1969;PhD;Married;55212;0;23.11.2012;3
6245;1950;PhD;Together;59292;0;13.06.2013;2
8234;1973;Basic;Together;27190;1;15.08.2013;1
1411;1952;Graduation;Divorced;82623;0;10.11.2013;1
8553;1965;Graduation;Married;44300;1;23.06.2013;2
1826;1970;Graduation;Divorced;84835;0;16.06.2014;1
8842;1971;Graduation;Widow;30372;1;25.12.2012;3
11030;1976;Master;Married;33181;1;03.01.2014;1
2579;1957;Graduation;Married;71113;0;17.12.2013;4
175;1986;Graduation;Married;71952;1;10.01.2013;2
9185;1966;PhD;Single;69759;0;28.10.2013;3
11056;1974;Graduation;Married;72099;0;27.10.2012;1
9365;1976;PhD;Single;60000;0;22.12.2012;5
6201;1978;Graduation;Single;38643;1;29.11.2013;2
2061;1955;Graduation;Married;50737;0;11.05.2013;1
6184;1969;PhD;Married;68462;0;12.12.2012;1
6142;1943;Master;Married;65073;0;20.08.2013;1
4107;1948;PhD;Together;46681;0;08.10.2013;2
7274;1957;Graduation;Married;78618;0;28.09.2012;1
9336;1969;PhD;Widow;62187;0;22.03.2014;3
2958;1978;Graduation;Married;28442;2;24.02.2014;3
933;1978;PhD;Married;37717;1;23.11.2012;1
5837;1967;Graduation;Married;51479;1;28.12.2012;7
10704;1969;Graduation;Single;54803;0;21.08.2012;2
5125;1960;Graduation;Married;79530;0;17.05.2013;1
4432;1976;Graduation;Divorced;31615;1;16.03.2013;2
5955;1962;Graduation;Together;72025;0;17.11.2012;1
2928;1975;PhD;Single;52614;0;01.12.2012;2
10313;1975;Graduation;Married;48178;1;28.10.2012;6
2557;1970;Master;Single;29548;1;29.08.2013;1
1245;1966;Graduation;Single;63810;0;11.11.2012;4
1519;1972;PhD;Single;38578;1;22.06.2013;3
10703;1975;Master;Single;46098;1;18.08.2012;4
1726;1970;Graduation;Single;22585;0;18.03.2013;1
4459;1989;Graduation;Single;30279;1;30.12.2012;1
1729;1961;PhD;Together;66426;0;02.10.2013;2
1517;1969;Graduation;Single;30822;1;14.06.2013;1
2098;1969;PhD;Married;33581;2;08.01.2013;1
9543;1985;Graduation;Married;19986;1;14.11.2013;1
6878;1954;Graduation;Widow;27421;0;12.12.2012;3
2724;1981;Master;Single;36143;1;30.03.2014;1
948;1971;Graduation;Single;10245;1;15.05.2013;3
6720;1968;Master;Together;43795;0;16.10.2013;3
6202;1960;Graduation;Together;63381;0;05.10.2012;4
2066;1949;Graduation;Together;38823;0;30.08.2012;1
9799;1968;PhD;Divorced;83664;1;08.05.2013;3
8318;1979;Graduation;Together;90300;0;03.01.2014;0
5642;1979;Master;Together;62499;1;09.12.2013;2
2669;1993;Graduation;Single;74293;0;04.05.2014;1
455;1946;PhD;Married;51012;0;18.04.2013;1
7683;1968;Master;Married;70777;0;25.02.2014;3
3428;1991;PhD;Together;68682;0;06.10.2013;1
7414;1971;Graduation;Married;43824;1;15.09.2012;4
6354;1984;Graduation;Together;15345;1;31.08.2012;2
798;1987;Graduation;Single;23442;1;24.12.2012;1
9999;1965;Graduation;Together;75276;0;27.09.2012;1
7617;1974;Graduation;Single;42373;1;15.08.2013;5
615;1960;Graduation;Together;30507;0;11.03.2013;1
2552;1955;PhD;Single;55521;1;22.10.2013;9
194;1965;Graduation;Married;48006;1;09.06.2014;1
3645;1972;PhD;Single;27213;1;30.08.2012;3
8890;1971;PhD;Divorced;65808;1;30.05.2014;3
5049;1974;PhD;Together;30351;1;06.06.2013;1
9973;1963;Graduation;Married;50437;0;17.10.2012;3
10882;1976;Graduation;Married;53858;0;09.11.2012;4
7030;1955;PhD;Married;66465;0;30.03.2013;3
7422;1987;Graduation;Single;46923;1;22.08.2012;3
3523;1962;Graduation;Together;75072;0;23.01.2013;2
7106;1943;PhD;Married;75865;0;31.03.2014;1
5067;1994;Graduation;Together;80134;0;14.02.2014;1
4216;1981;Graduation;Single;91065;0;22.02.2013;1
8581;1971;Master;Married;49505;1;05.03.2013;9
5929;1973;PhD;Married;37401;1;06.05.2014;2
3129;1983;Graduation;Married;30096;1;22.05.2014;1
6528;1982;Master;Together;18492;1;05.06.2014;1
1361;1974;Master;Married;82584;0;04.06.2013;1
6932;1941;PhD;Married;93027;0;13.04.2013;0
7284;1953;Graduation;Married;48686;1;04.12.2013;1
1340;1986;Graduation;Married;92910;0;24.04.2014;1
8746;1989;Graduation;Married;75433;1;05.04.2014;2
3767;1968;Graduation;Married;61314;0;25.04.2013;2
3725;1961;PhD;Single;84865;0;09.05.2013;1
4324;1989;Graduation;Married;42387;1;29.10.2012;5
6694;1964;Graduation;Married;75236;0;25.11.2013;1
498;1970;Graduation;Single;30015;1;02.02.2014;2
9347;1956;Master;Together;50943;0;21.06.2013;1
9699;1966;Graduation;Divorced;67272;0;21.12.2013;3
10664;1949;Master;Widow;51529;0;07.09.2013;2
5455;1971;PhD;Married;32011;1;22.08.2013;3
5012;1989;Graduation;Married;28691;1;04.07.2013;1
7495;1948;PhD;Married;56223;0;20.12.2013;2
5029;1946;Graduation;Married;18100;0;06.08.2013;1
10642;1989;Graduation;Single;30279;1;30.12.2012;1
10364;1959;Graduation;Divorced;23295;0;13.07.2013;1
5954;1972;Master;Divorced;42618;1;09.10.2013;2
1137;1964;Graduation;Single;81246;0;29.12.2013;1
2541;1976;Graduation;Married;24027;1;09.06.2013;2
1142;1953;PhD;Married;55707;0;22.12.2013;2
2276;1955;Graduation;Single;57959;0;02.05.2013;5
2807;1969;Graduation;Married;56796;0;16.02.2013;3
6471;1971;Master;Single;36230;1;17.10.2013;1
6233;1976;Graduation;Married;65991;0;07.09.2012;3
4148;1972;Graduation;Married;38988;1;20.08.2012;7
3225;1984;Master;Married;42207;1;01.04.2013;4
7540;1952;Graduation;Married;50300;0;25.05.2014;2
1992;1964;Graduation;Married;60597;0;01.01.2014;4
7851;1949;Graduation;Widow;70165;0;22.09.2013;1
8594;1958;PhD;Widow;50520;0;28.01.2014;2
7059;1963;Graduation;Married;80124;0;26.06.2014;1
2815;1975;Graduation;Married;33183;1;24.02.2014;2
2416;1969;PhD;Single;66582;0;03.03.2014;1
7999;1955;PhD;Together;75261;0;23.04.2013;1
9213;1970;Graduation;Widow;31880;1;31.10.2012;1
9697;1951;Graduation;Married;53790;0;06.03.2014;3
3916;1971;PhD;Together;49269;1;15.08.2012;3
2021;1975;Graduation;Married;61456;0;27.03.2013;4
1581;1980;Graduation;Married;37406;1;10.10.2013;1
564;1981;PhD;Together;56937;1;04.08.2012;7
6619;1978;Graduation;Married;38415;1;02.01.2013;2
9081;1988;Graduation;Single;20518;1;18.05.2014;1
178;1956;Graduation;Married;62503;0;18.02.2013;4
916;1972;PhD;Single;41644;1;09.05.2014;2
5512;1977;Master;Married;55842;0;23.05.2014;1
8970;1972;PhD;Married;62010;0;23.10.2012;4
10581;1977;Graduation;Married;41124;1;31.10.2012;7
5300;1973;Master;Married;38961;1;30.12.2013;1
5154;1972;Master;Divorced;37760;1;11.08.2013;1
8346;1974;Graduation;Single;32233;1;19.08.2012;2
1676;1975;Graduation;Married;43057;0;30.10.2013;4
9286;1960;Master;Together;83151;0;10.10.2012;1
2426;1964;PhD;Divorced;78825;0;14.09.2012;1
5172;1976;Master;Together;65104;0;14.11.2013;2
5562;1974;Graduation;Married;60093;0;26.06.2013;2
3436;1969;Graduation;Married;14045;1;26.01.2014;1
3403;1958;PhD;Together;78952;0;24.09.2012;2
22;1976;Graduation;Divorced;46310;1;03.12.2012;2
10965;1955;Graduation;Together;76005;0;22.02.2013;1
9426;1964;Master;Single;58308;0;12.01.2013;4
6605;1944;PhD;Divorced;55614;0;27.11.2013;1
3136;1962;Master;Divorced;59432;0;13.04.2013;3
8737;1978;Graduation;Divorced;55563;0;05.04.2014;1
11088;1971;PhD;Together;78642;0;21.04.2013;1
716;1949;PhD;Together;67911;0;22.05.2014;3
466;1944;Graduation;Married;65275;0;03.04.2013;1
9135;1950;Graduation;Together;27203;1;06.08.2012;2
10623;1961;Master;Together;48330;0;15.11.2013;1
8151;1990;Basic;Married;24279;0;29.12.2012;1
5140;1985;PhD;Married;64355;1;24.08.2012;2
10160;1956;Master;Together;50943;0;21.06.2013;1
4945;1953;Graduation;Widow;53653;0;07.11.2012;2
10584;1976;Graduation;Married;65665;0;02.12.2013;1
6071;1989;Graduation;Single;81217;0;19.07.2013;1
3386;1992;Graduation;Married;34935;0;21.06.2013;1
8939;1959;Graduation;Divorced;61250;0;16.12.2012;6
9925;1981;PhD;Together;39665;1;25.05.2013;3
4320;1979;Graduation;Single;60152;0;28.03.2013;1
5389;1964;Graduation;Married;48920;0;20.10.2013;3
6036;1959;Master;Together;89120;0;17.03.2014;1
182;1946;PhD;Together;44124;0;11.05.2013;4
203;1975;Master;Single;81169;0;14.04.2013;1
11025;1961;Graduation;Married;36443;1;03.02.2013;4
10203;1990;Graduation;Single;26095;1;30.06.2013;1
4607;1959;Graduation;Together;71367;0;23.08.2013;1
3711;1944;Master;Married;80184;0;01.03.2014;1
3696;1965;Graduation;Divorced;30630;1;27.01.2014;2
2532;1987;Master;Single;73454;0;01.03.2014;1
9214;1991;Graduation;Married;42691;0;16.08.2013;1
4943;1953;Graduation;Married;70503;0;30.09.2012;1
35;1987;Graduation;Married;25545;1;08.09.2012;3
2258;1986;Graduation;Married;32880;1;04.12.2012;1
4322;1958;PhD;Together;77863;0;27.11.2013;1
713;1977;Master;Married;50353;0;08.06.2014;1
4702;1964;Graduation;Single;61839;0;12.08.2012;1
3281;1960;PhD;Married;49154;1;03.11.2013;6
2004;1969;Graduation;Single;72679;0;18.09.2013;1
4769;1977;Master;Together;57954;1;18.06.2014;7
4437;1962;Graduation;Married;65316;1;24.04.2013;2
8724;1982;Graduation;Single;28567;1;17.06.2013;2
10741;1951;Master;Together;47352;0;11.04.2013;4
1991;1967;Graduation;Together;44931;0;18.01.2014;1
6931;1967;Graduation;Divorced;76982;0;15.02.2014;1
304;1981;Master;Single;22944;1;23.12.2013;3
10591;1969;Graduation;Widow;43638;0;06.08.2012;2
5036;1984;PhD;Single;42710;1;28.11.2012;2
5547;1982;PhD;Married;84169;0;07.08.2013;1
7822;1976;Graduation;Together;54058;0;04.06.2013;2
10955;1964;Graduation;Widow;85620;0;07.01.2014;1
4368;1980;Graduation;Married;47850;1;03.12.2013;1
9671;1968;Graduation;Married;19514;1;26.01.2014;4
2256;1973;Master;Married;27159;1;29.03.2014;2
5371;1989;Graduation;Single;21474;1;08.04.2014;2
9240;1971;PhD;Single;60504;0;07.02.2014;2
9460;1963;Graduation;Married;22419;0;18.04.2013;1
9504;1949;Master;Married;81698;0;06.11.2013;1
8692;1952;Graduation;Together;43462;1;12.09.2012;6
448;1978;PhD;Single;54880;1;01.03.2013;2
8314;1982;Graduation;Married;79908;0;05.04.2013;1
3174;1959;Graduation;Together;87771;0;22.05.2013;1
7685;1978;Graduation;Married;33039;1;09.09.2013;1
3179;1980;Graduation;Single;81741;0;16.06.2013;0
9780;1971;Master;Together;71499;0;25.06.2013;2
10232;1963;PhD;Divorced;48799;0;05.11.2013;3
4184;1950;PhD;Together;52157;0;07.06.2014;2
9120;1962;Graduation;Single;66565;0;05.12.2012;4
891;1951;Master;Together;29298;1;07.09.2013;1
10381;1979;Graduation;Single;47691;0;05.07.2013;1
3525;1970;Graduation;Together;38200;1;07.12.2012;1
6818;1974;Graduation;Married;44989;0;12.09.2012;5
3526;1968;PhD;Married;38443;1;27.01.2014;2
1029;1970;PhD;Together;64413;0;01.08.2013;1
7369;1981;Master;Married;36959;1;02.10.2013;2
2574;1977;PhD;Married;61996;0;31.01.2013;3
8159;1968;Graduation;Married;51287;1;01.04.2014;3
1160;1970;Graduation;Married;13260;1;23.08.2013;4
10242;1966;PhD;Together;47472;1;16.09.2013;2
5253;1956;Master;Together;54603;1;09.07.2013;6
5966;1974;PhD;Married;45207;1;10.11.2012;5
5314;1951;Graduation;Together;40689;0;18.03.2013;7
5123;1951;Master;Married;27450;0;15.04.2013;1
5756;1983;Graduation;Together;39453;1;03.04.2014;2
9058;1955;Graduation;Widow;79800;0;23.09.2012;1
5057;1961;Master;Married;61794;0;14.09.2013;2
254;1955;Graduation;Together;53863;0;17.05.2014;3
4179;1959;Graduation;Together;24221;0;20.08.2013;1
3710;1984;PhD;Single;39684;1;12.10.2012;2
7627;1975;Master;Married;92163;0;12.12.2012;0
4501;1965;Master;Single;69882;0;10.11.2013;1
6424;1977;Graduation;Together;33178;1;30.01.2014;1
3075;1972;PhD;Married;59973;0;11.09.2013;1
4992;1975;Master;Together;17459;1;19.09.2013;3
5252;1969;Graduation;Divorced;23910;1;26.10.2012;1
7444;1969;Master;Married;42169;1;19.10.2013;2
3537;1981;Graduation;Together;31089;1;17.08.2012;3
10277;1961;Graduation;Single;30081;0;21.02.2013;1
2453;1960;Graduation;Together;62807;0;31.08.2012;3
7972;1955;Graduation;Single;72906;0;17.09.2013;1
895;1948;PhD;Married;61467;0;09.12.2012;3
1177;1966;Master;Together;49618;1;26.01.2013;4
7141;1986;Master;Single;21888;1;29.12.2012;4
7232;1973;Graduation;Widow;42429;0;11.02.2014;2
8477;1956;Graduation;Divorced;26150;2;11.03.2013;1
2457;1975;Basic;Married;30801;0;26.10.2012;2
988;1965;Graduation;Married;81168;0;07.05.2014;1
7930;1969;Master;Single;26877;0;19.08.2013;2
4587;1944;Master;Widow;45006;0;18.07.2013;1
6682;1973;Basic;Married;18978;1;11.12.2012;1
6222;1967;Graduation;Married;22574;2;28.10.2013;2
10299;1969;PhD;Single;48240;0;09.11.2012;3
3083;1974;Graduation;Married;45837;1;26.07.2013;5
8953;1965;Master;Single;35791;2;06.05.2013;2
1503;1976;PhD;Together;162397;1;03.06.2013;0
8650;1978;Graduation;Widow;54162;1;18.03.2013;1
10862;1960;Master;Married;30522;0;17.08.2012;5
2782;1961;PhD;Married;54456;0;11.07.2013;3
6941;1971;Graduation;Single;31632;0;14.07.2013;1
10972;1949;Graduation;Widow;72298;0;10.03.2014;1
3641;1976;Graduation;Married;13624;1;20.01.2013;2
10156;1975;Graduation;Single;84196;0;03.06.2013;1
4299;1960;Graduation;Together;70971;0;21.09.2012;7
3469;1977;PhD;Divorced;34487;1;06.09.2012;3
5063;1977;Graduation;Single;28769;1;18.12.2012;3
10727;1970;PhD;Married;69084;1;19.11.2013;2
9624;1958;PhD;Together;65488;0;13.06.2014;1
8923;1973;Graduation;Single;83917;0;18.04.2013;1
8461;1962;Graduation;Divorced;46102;2;10.03.2014;1
6945;1952;Graduation;Single;84574;0;04.06.2013;1
944;1962;Graduation;Married;56181;0;08.01.2013;1
1907;1950;Master;Divorced;63120;0;28.09.2012;5
701;1971;Graduation;Married;73691;0;06.11.2013;2
3856;1960;Graduation;Together;63381;0;05.10.2012;4
4149;1948;PhD;Together;76140;0;13.05.2014;1
2131;1959;PhD;Divorced;62859;0;30.12.2012;4
2942;1964;Graduation;Single;45906;0;07.05.2013;2
1173;1947;Master;Together;77632;0;10.03.2013;1
4381;1971;PhD;Married;46463;1;18.08.2013;7
4611;1970;Graduation;Together;105471;0;21.01.2013;0
3376;1970;Master;Divorced;55282;1;13.12.2013;1
4679;1977;Master;Married;78710;0;23.05.2014;3
10928;1958;Graduation;Together;66886;0;16.09.2013;2
4248;1960;Master;Single;98777;0;17.02.2014;0
6728;1985;Graduation;Together;29103;1;27.08.2012;2
6661;1974;Graduation;Married;67445;0;12.08.2012;5
4725;1950;PhD;Together;50616;0;13.04.2014;1
3277;1955;Graduation;Divorced;49431;0;03.08.2012;2
5555;1975;Graduation;Divorced;153924;0;07.02.2014;0
2564;1953;Graduation;Together;61278;0;04.01.2014;2
3867;1947;PhD;Together;73059;0;31.08.2013;1
6940;1966;PhD;Single;46734;1;21.10.2013;4
55;1963;Graduation;Together;56253;0;07.12.2012;4
7093;1985;Graduation;Married;19986;1;14.11.2013;1
5084;1975;Graduation;Widow;58330;0;25.12.2013;1
1777;1980;Basic;Married;25965;0;07.09.2012;1
8162;1956;Master;Together;14661;0;01.01.2013;1
10826;1959;Graduation;Married;18690;0;28.12.2012;1
8754;1974;PhD;Together;45068;0;16.05.2013;1
1987;1987;Basic;Single;21063;1;25.09.2013;2
11007;1968;PhD;Married;29187;1;09.05.2013;1
9153;1964;PhD;Married;59304;0;29.07.2013;3
10379;1962;Master;Single;59247;0;08.11.2013;5
9204;1970;Graduation;Widow;66731;0;12.09.2012;4
3197;1980;Graduation;Married;77353;0;16.12.2013;2
2920;1975;PhD;Single;52614;0;01.12.2012;2
6961;1974;Graduation;Married;26751;2;22.05.2014;1
4673;1963;PhD;Married;81300;0;30.10.2012;3
9937;1979;Graduation;Single;70337;0;02.01.2014;1
9596;1980;PhD;Single;65295;0;23.12.2013;1
2891;1963;Graduation;Divorced;68118;0;18.10.2013;2
4910;1967;Graduation;Divorced;68743;0;30.08.2012;1
10120;1955;Graduation;Together;38946;0;24.10.2013;2
6327;1967;Graduation;Together;65777;0;19.12.2013;1
10142;1976;PhD;Divorced;66476;0;07.03.2013;2
9826;1972;PhD;Single;86857;0;12.09.2012;1
1501;1982;PhD;Married;160803;0;04.08.2012;15
10767;1989;PhD;Together;77845;0;16.05.2014;1
7279;1969;PhD;Together;69476;0;30.09.2013;1
7230;1960;PhD;Divorced;50611;0;04.10.2012;6
143;1970;Graduation;Single;61209;0;25.08.2013;1
450;1958;Master;Together;42315;0;12.07.2013;3
9316;1952;Basic;Together;13084;0;02.11.2013;1
6379;1949;Master;Widow;47570;1;29.05.2013;3
9239;1961;Master;Married;61923;0;26.07.2013;1
8315;1995;Graduation;Single;34824;0;26.03.2014;1
2868;1949;PhD;Single;26518;1;08.04.2013;3
10888;1961;Graduation;Single;45938;0;03.11.2013;2
1277;1960;Graduation;Together;78468;0;09.04.2014;1
9977;1973;Graduation;Divorced;78901;0;17.09.2013;3
10196;1978;Graduation;Married;71427;2;12.03.2014;2
6384;1978;Graduation;Divorced;71022;0;11.02.2014;3
8029;1988;Master;Single;90247;0;29.04.2014;1
968;1968;Master;Divorced;41335;1;26.12.2013;3
6988;1986;Graduation;Married;71952;1;10.01.2013;2
4472;1970;PhD;Divorced;35682;1;27.06.2014;1
6991;1951;Graduation;Divorced;43185;0;10.04.2013;2
3336;1948;PhD;Together;66375;0;21.11.2013;3
4301;1971;Master;Married;35178;1;10.01.2013;1
1940;1986;Graduation;Married;25252;1;12.07.2013;1
1272;1965;Master;Single;55250;0;21.10.2012;4
1388;1975;Graduation;Single;33249;1;20.02.2013;2
1044;1953;Graduation;Together;58398;0;14.05.2013;3
6969;1982;Graduation;Together;50272;1;07.08.2013;3
10479;1975;PhD;Married;76618;0;07.12.2012;1
1715;1978;Graduation;Together;25851;1;11.02.2013;2
10159;1970;Graduation;Divorced;58710;0;31.03.2013;6
1463;1958;Graduation;Single;45160;1;29.03.2014;1
5114;1965;Master;Married;74806;0;19.12.2012;2
4990;1954;Graduation;Married;59111;0;02.05.2013;1
4329;1984;PhD;Married;18988;1;23.05.2014;2
10936;1965;Graduation;Married;72190;0;13.02.2013;1
4692;1976;Graduation;Married;7500;1;01.08.2012;5
7212;1966;Graduation;Married;44794;0;08.06.2014;1
6086;1955;Graduation;Married;80395;0;23.11.2013;1
437;1976;Master;Divorced;75012;0;25.01.2014;1
11171;1965;Master;Married;56962;2;11.10.2013;7
11101;1991;Graduation;Together;89891;0;15.04.2013;1
5329;1949;PhD;Divorced;35946;1;27.09.2013;1
610;1953;PhD;Together;53593;1;07.08.2012;8
9384;1978;Graduation;Married;66373;1;12.06.2013;7
5956;1948;PhD;Divorced;45072;1;16.10.2013;5
10430;1973;Graduation;Divorced;89694;1;09.10.2013;3
7875;1949;Graduation;Married;72025;0;29.04.2014;1
7072;1973;Graduation;Married;67432;0;29.03.2013;2
6255;1952;Master;Together;70545;0;03.06.2014;1
6516;1989;Basic;Married;17487;1;18.03.2013;1
5564;1969;Graduation;Together;62882;0;09.08.2012;2
5682;1953;PhD;Single;64108;0;23.03.2013;4
7458;1956;Master;Together;34941;1;06.03.2013;2
5237;1950;PhD;Single;48767;1;01.01.2014;3
5278;1964;Graduation;Married;82224;0;25.01.2014;1
3560;1952;Graduation;Together;83844;0;12.05.2013;1
10548;1995;Graduation;Single;71163;0;09.03.2014;1
2281;1970;Graduation;Single;33697;1;15.09.2013;1
6974;1972;PhD;Together;83443;0;31.12.2013;1
7938;1958;PhD;Together;51518;0;03.10.2013;2
7094;1975;Graduation;Widow;58330;0;25.12.2013;1
3667;1969;Graduation;Married;80952;0;28.02.2013;1
7723;1979;Graduation;Together;75507;0;02.05.2014;1
4012;1972;PhD;Together;62220;0;11.08.2012;5
5909;1964;Graduation;Married;58512;0;19.09.2013;5
10470;1979;Master;Married;40662;1;15.03.2013;2
6488;1959;PhD;Married;38829;0;06.04.2014;1
6887;1967;Graduation;Single;79146;1;24.04.2014;2
6406;1988;Master;Married;78285;0;28.10.2013;1
7573;1978;PhD;Single;31626;1;10.05.2013;1
4508;1952;Graduation;Single;75127;0;22.05.2014;1
221;1955;Graduation;Married;48726;0;27.04.2013;3
5331;1977;Graduation;Married;74985;0;11.09.2012;1
1911;1987;Graduation;Together;67430;0;05.09.2012;1
8786;1956;Master;Married;62058;0;26.05.2013;4
10582;1979;Graduation;Married;72063;0;03.07.2013;2
1915;1951;PhD;Married;78939;0;12.12.2013;1
8897;1965;Graduation;Single;42720;1;24.04.2013;8
2371;1972;Graduation;Married;33622;1;13.04.2013;3
4303;1957;PhD;Together;6835;0;08.12.2012;0
6825;1953;Graduation;Together;41452;1;06.03.2013;1
1072;1965;PhD;Single;40760;0;30.08.2013;2
4964;1958;PhD;Together;74250;0;26.01.2014;1
2461;1955;Master;Single;51124;1;18.12.2013;2
10736;1971;Graduation;Single;72258;0;12.09.2013;2
3194;1974;PhD;Single;71466;0;05.04.2014;1
10839;1976;Graduation;Together;36283;1;14.04.2014;2
49;1970;Graduation;Single;20587;1;11.05.2014;1
4290;1972;Graduation;Married;30467;1;19.03.2014;1
10219;1972;Graduation;Together;31590;1;18.06.2013;1
4211;1986;Basic;Married;20425;1;29.10.2012;2
1135;1960;Master;Together;17144;1;15.02.2014;5
6299;1968;PhD;Divorced;42564;0;02.01.2013;6
10846;1978;Master;Married;43783;1;29.05.2014;6
347;1976;Graduation;Divorced;40780;0;08.09.2012;4
6543;1945;Master;Together;62847;0;15.01.2013;1
10446;1957;PhD;Married;82017;0;07.11.2012;1
3479;1950;Graduation;Single;16813;0;19.07.2013;1
11075;1978;Graduation;Married;51267;1;29.10.2013;4
4442;1961;Graduation;Single;46524;0;05.04.2013;2
199;1962;Master;Single;45183;0;20.01.2013;1
6722;1954;PhD;Married;70421;0;28.06.2014;3
3749;1973;Graduation;Together;73926;0;02.03.2013;1
8523;1968;Graduation;Married;19329;1;14.12.2013;3
310;1970;Master;Married;61872;0;13.12.2013;4
8629;1956;Graduation;Widow;46984;1;26.03.2013;1
236;1951;Graduation;Married;34838;1;19.01.2013;3
9930;1944;PhD;Single;82716;0;05.11.2013;1
3483;1958;Graduation;Married;48192;0;06.04.2013;3
4599;1976;Master;Married;49681;0;04.11.2013;6
7326;1971;Master;Married;56850;0;23.03.2014;1
7352;1957;Graduation;Married;55267;0;21.10.2013;4
2350;1972;Graduation;Married;59666;1;22.03.2013;7
9145;1972;Graduation;Single;72504;0;06.04.2013;2
2964;1981;Graduation;Married;26872;0;16.10.2013;1
5585;1972;Graduation;Single;21359;1;20.04.2013;2
9687;1975;Graduation;Single;73170;0;31.05.2014;1
3732;1955;Master;Married;52750;0;04.02.2013;6
6303;1986;PhD;Together;91820;0;23.11.2013;0
11176;1970;PhD;Together;65968;0;12.05.2014;2
2986;1976;Graduation;Married;30772;1;12.03.2014;1
7462;1954;Graduation;Single;22507;0;24.11.2012;3
3900;1972;Graduation;Married;65685;0;29.03.2014;1
9493;1980;PhD;Single;76412;0;05.05.2013;1
1143;1972;Graduation;Married;22063;1;08.08.2013;2
1;1961;Graduation;Single;57091;0;15.06.2014;1
3855;1963;Graduation;Married;22419;0;18.04.2013;1
5536;1959;Graduation;Together;87771;0;22.05.2013;1
9499;1954;Graduation;Married;93404;1;07.05.2013;3
6768;1962;Graduation;Divorced;37859;1;12.01.2013;2
2150;1958;PhD;Widow;80995;0;11.05.2013;1
6646;1984;Graduation;Together;16529;1;01.03.2014;1
4887;1976;PhD;Divorced;55412;1;22.11.2013;1
8560;1992;Graduation;Single;48789;0;10.09.2012;1
3321;1967;PhD;Together;56575;0;05.05.2013;3
10402;1967;Graduation;Married;35441;1;14.02.2013;2
9904;1956;Graduation;Married;71391;0;29.03.2013;5
6141;1972;Master;Single;49494;1;25.04.2013;2
5687;1980;Graduation;Divorced;81702;0;23.09.2012;1
5121;1977;Graduation;Single;56628;0;21.03.2014;2
4186;1950;Graduation;Together;34026;1;05.08.2013;3
368;1974;Graduation;Married;40049;0;29.11.2012;3
3312;1988;Graduation;Single;34176;1;12.05.2014;4
11121;1981;Graduation;Married;19419;1;10.11.2012;4
5848;1970;Graduation;Together;81205;0;13.01.2014;1
5935;1956;Master;Single;55284;0;24.12.2012;3
6885;1977;Graduation;Divorced;32952;1;01.12.2013;1
2072;1969;PhD;Together;53374;0;16.08.2012;6
9463;1959;Graduation;Together;71706;0;13.11.2012;4
6318;1988;Graduation;Married;68487;0;13.01.2013;1
4093;1975;Master;Together;53253;1;11.02.2013;7
3340;1977;Graduation;Married;42014;1;17.08.2012;6
3594;1973;Master;Married;54108;1;05.11.2012;13
3584;1955;PhD;Single;49667;0;20.08.2012;2
3643;1974;Master;Married;63206;0;20.03.2014;1
851;1972;Master;Married;57136;1;09.07.2013;9
3967;1971;PhD;Married;78931;0;25.10.2013;1
10128;1958;Graduation;Together;53977;0;08.06.2013;5
486;1988;Graduation;Married;84219;0;02.02.2014;1
9;1975;Master;Single;46098;1;18.08.2012;4
9451;1965;Graduation;Married;73538;0;25.11.2012;3
9264;1986;Graduation;Married;79529;0;27.04.2014;1
2853;1980;Graduation;Single;51766;1;11.03.2014;2
2853;1980;Graduation;Single;51766;1;11.03.2014;2
2853;1980;Graduation;Single;51766;1;11.03.2014;2
2853;1980;Graduation;Single;51766;1;11.03.2014;2
2853;1980;Graduation;Single;51766;1;11.03.2014;2
